{"cameraMode":{"drawMode":0,"name":"Shaded","section":"Shading Mode"},"sceneLighting":true,"audioPlay":false,"sceneViewState":{"showFog":true,"showMaterialUpdate":true,"showSkybox":true,"showFlares":true,"showImageEffects":true,"showParticleSystems":true},"in2DMode":false,"pivot":{"x":-5.086935997009277,"y":-8.7579345703125,"z":1.2844253778457642},"rotation":{"x":0.2274368554353714,"y":0.300270676612854,"z":-0.07395913451910019,"w":0.9233871698379517},"size":22.45016860961914,"orthographic":false}